"subject","predicate","object"
"http://dbpedia.org/resource/Condado_de_Huelva","http://dbpedia.org/property/wineProduced","77431"
"http://dbpedia.org/resource/Terra_Alta_(DO)","http://dbpedia.org/property/name","Terra Alta DOP"
"http://dbpedia.org/resource/La_Gomera_(DO)","http://purl.org/dc/terms/subject","http://dbpedia.org/resource/Category:Wine_regions_of_Spain"
"http://dbpedia.org/resource/Rías_Baixas_(DO)","http://dbpedia.org/property/name","Rías Baixas DO"
"http://dbpedia.org/resource/Ribeiro_(DO)","http://www.w3.org/2003/01/geo/wgs84_pos#lat","42.2833"
"http://dbpedia.org/resource/Condado_de_Huelva","http://www.w3.org/2003/01/geo/wgs84_pos#lat","42.4811"
"http://dbpedia.org/resource/Priorat_(DOQ)","http://dbpedia.org/property/wineProduced","14417"
"http://dbpedia.org/resource/Valdepeñas_(DO)","http://dbpedia.org/property/wineProduced","616017"
"http://dbpedia.org/resource/Lanzarote_(DO)","http://www.w3.org/2003/01/geo/wgs84_pos#long","-13.6453"
"http://dbpedia.org/resource/Penedès_(DO)","http://purl.org/dc/terms/subject","http://dbpedia.org/resource/Category:Wine_regions_of_Spain"
"http://dbpedia.org/resource/Mondéjar_(DO)","http://www.w3.org/2003/01/geo/wgs84_pos#long","-3.10833"
"http://dbpedia.org/resource/Ribeira_Sacra_(DO)","http://dbpedia.org/property/wineries","90"
"http://dbpedia.org/resource/Empordà_(DO)","http://dbpedia.org/property/wineProduced","35965"
"http://dbpedia.org/resource/Valle_de_la_Orotava","https://w3id.org/winecatalogue#id","Valle de la Orotava"
"http://dbpedia.org/resource/Tacoronte-Acentejo","http://dbpedia.org/property/year","1992"
"http://dbpedia.org/resource/Valle_de_la_Orotava","http://dbpedia.org/ontology/wikiPageID","22420355"
"http://dbpedia.org/resource/Ribeira_Sacra_(DO)","http://dbpedia.org/property/officialName","C.R.D.O. Ribeira Sacra"
"http://dbpedia.org/resource/Valencia_(DO)","http://purl.org/dc/terms/subject","http://dbpedia.org/resource/Category:Wine_regions_of_Spain"
"http://dbpedia.org/resource/Tacoronte-Acentejo","http://purl.org/dc/terms/subject","http://dbpedia.org/resource/Category:Wine_regions_of_Spain"
"http://dbpedia.org/resource/Penedès_(DO)","https://w3id.org/winecatalogue#id","Penedès"
"http://dbpedia.org/resource/El_Hierro_(DO)","https://w3id.org/winecatalogue#id","El Hierro"
"http://dbpedia.org/resource/Cigales_(wine)","http://dbpedia.org/property/wineries","34"
"http://dbpedia.org/resource/Pla_de_Bages","https://w3id.org/winecatalogue#id","Pla de Bages"
"http://dbpedia.org/resource/Tarragona_(DO)","http://dbpedia.org/property/name","Tarragona DOP"
"http://dbpedia.org/resource/Empordà_(DO)","http://www.w3.org/2003/01/geo/wgs84_pos#long","3.00119"
"http://dbpedia.org/resource/Málaga_and_Sierras_de_Málaga","http://dbpedia.org/ontology/wikiPageID","11136064"
"http://dbpedia.org/resource/Priorat_(DOQ)","http://dbpedia.org/property/officialName","Denominació d'Origen Qualificada Priorat / Denominació d'Origen Protegida Priorat"
"http://dbpedia.org/resource/Arlanza_(DO)","http://dbpedia.org/property/wineries","23"
"http://dbpedia.org/resource/Pla_i_Llevant_(DO)","http://purl.org/dc/terms/subject","http://dbpedia.org/resource/Category:Wine_regions_of_Spain"
"http://dbpedia.org/resource/Campo_de_Borja_(DO)","http://www.w3.org/2003/01/geo/wgs84_pos#long","-1.53333"
"http://dbpedia.org/resource/Calatayud_(DO)","http://www.w3.org/2003/01/geo/wgs84_pos#lat","41.65"
"http://dbpedia.org/resource/Bullas_(DO)","http://www.w3.org/2003/01/geo/wgs84_pos#long","-1.67"
"http://dbpedia.org/resource/Bierzo_(DO)","http://www.w3.org/2003/01/geo/wgs84_pos#lat","42.55"
"http://dbpedia.org/resource/Valle_de_Güímar","http://dbpedia.org/property/name","Valle de Güímar DOP"
"http://dbpedia.org/resource/Granada_(wine)","https://w3id.org/winecatalogue#id","Granada"
"http://dbpedia.org/resource/Cariñena_(DO)","http://dbpedia.org/property/year","1932"
"http://dbpedia.org/resource/Cigales_(wine)","http://purl.org/dc/terms/subject","http://dbpedia.org/resource/Category:Wine_regions_of_Spain"
"http://dbpedia.org/resource/Almansa_(DO)","http://purl.org/dc/terms/subject","http://dbpedia.org/resource/Category:Wine_regions_of_Spain"
"http://dbpedia.org/resource/Alella_(DO)","http://dbpedia.org/property/wineProduced","9350.0"
"http://dbpedia.org/resource/Pla_de_Bages","http://purl.org/dc/terms/subject","http://dbpedia.org/resource/Category:Wine_regions_of_Spain"
"http://dbpedia.org/resource/Penedès_(DO)","http://dbpedia.org/property/wineProduced","147157"
"http://dbpedia.org/resource/Campo_de_Borja_(DO)","http://dbpedia.org/property/wineProduced","248509"
"http://dbpedia.org/resource/Jumilla_(DO)","http://dbpedia.org/property/officialName","D.O.P. Jumilla"
"http://dbpedia.org/resource/Valdepeñas_(DO)","http://dbpedia.org/property/year","1932"
"http://dbpedia.org/resource/Manchuela_DO","http://dbpedia.org/ontology/wikiPageID","11465733"
"http://dbpedia.org/resource/Valle_de_la_Orotava","http://dbpedia.org/property/officialName","D.O.P. Valle de la Orotava"
"http://dbpedia.org/resource/Tarragona_(DO)","http://dbpedia.org/property/wineries","32"
"http://dbpedia.org/resource/Toro_(DO)","http://dbpedia.org/property/wineries","63"
"http://dbpedia.org/resource/Ribera_del_Júcar","http://dbpedia.org/property/officialName","D.O.P. Ribera del Júcar"
"http://dbpedia.org/resource/Tacoronte-Acentejo","http://dbpedia.org/property/name","Tacoronte-Acentejo DOP"
"http://dbpedia.org/resource/Getariako_Txakolina","https://w3id.org/winecatalogue#id","Getariako Txakolina-Txakoli de Getaria. Chacolí de Getaria"
"http://dbpedia.org/resource/Utiel-Requena","http://dbpedia.org/property/name","Utiel - Requena DOP"
"http://dbpedia.org/resource/La_Gomera_(DO)","http://dbpedia.org/property/officialName","D.O.P. La Gomera"
"http://dbpedia.org/resource/Ribera_del_Júcar","http://www.w3.org/2003/01/geo/wgs84_pos#lat","39.3667"
"http://dbpedia.org/resource/Condado_de_Huelva","http://dbpedia.org/property/officialName","D.O.P. Condado de Huelva"
"http://dbpedia.org/resource/Ribeiro_(DO)","http://dbpedia.org/ontology/wikiPageID","12051338"
"http://dbpedia.org/resource/Valencia_(DO)","https://w3id.org/winecatalogue#id","Valencia"
"http://dbpedia.org/resource/La_Gomera_(DO)","http://dbpedia.org/property/wineries","17"
"http://dbpedia.org/resource/Getariako_Txakolina","http://dbpedia.org/property/name","Getariako Txakolina-Txakoli de Getaria. Chacolí de Getaria DOP"
"http://dbpedia.org/resource/Cigales_(wine)","http://dbpedia.org/property/year","1991"
"http://dbpedia.org/resource/Málaga_and_Sierras_de_Málaga","http://dbpedia.org/property/officialName","D.O.P. Málaga"
"http://dbpedia.org/resource/Pla_de_Bages","http://www.w3.org/2003/01/geo/wgs84_pos#lat","41.7206"
"http://dbpedia.org/resource/Abona_(DO)","http://purl.org/dc/terms/subject","http://dbpedia.org/resource/Category:Wine_regions_of_Spain"
"http://dbpedia.org/resource/Montsant_DO","http://www.w3.org/2003/01/geo/wgs84_pos#long","0.821389"
"http://dbpedia.org/resource/Valle_de_Güímar","http://dbpedia.org/property/wineProduced","1449"
"http://dbpedia.org/resource/Mondéjar_(DO)","http://dbpedia.org/ontology/wikiPageID","11627144"
"http://dbpedia.org/resource/Valdepeñas_(DO)","http://dbpedia.org/property/wineries","17"
"http://dbpedia.org/resource/Bullas_(DO)","http://dbpedia.org/property/wineProduced","17623"
"http://dbpedia.org/resource/Méntrida_DO","http://dbpedia.org/property/officialName","D.O.P. Méntrida"
"http://dbpedia.org/resource/Catalunya_(DO)","http://dbpedia.org/property/wineProduced","379736"
"http://dbpedia.org/resource/Ribeiro_(DO)","http://purl.org/dc/terms/subject","http://dbpedia.org/resource/Category:Wine_regions_of_Spain"
"http://dbpedia.org/resource/Priorat_(DOQ)","http://purl.org/dc/terms/subject","http://dbpedia.org/resource/Category:Wine_regions_of_Spain"
"http://dbpedia.org/resource/Mondéjar_(DO)","http://dbpedia.org/property/name","Mondéjar DOP"
"http://dbpedia.org/resource/Alella_(DO)","http://dbpedia.org/property/year","1953"
"http://dbpedia.org/resource/Montilla-Moriles","http://dbpedia.org/ontology/wikiPageID","11100686"
"http://dbpedia.org/resource/Manzanilla_(wine)","http://www.w3.org/2003/01/geo/wgs84_pos#lat","36.7736"
"http://dbpedia.org/resource/Costers_del_Segre","http://dbpedia.org/property/name","Costers del Segre DOP"
"http://dbpedia.org/resource/La_Mancha_(DO)","http://www.w3.org/2003/01/geo/wgs84_pos#long","-3.20556"
"http://dbpedia.org/resource/El_Hierro_(DO)","http://dbpedia.org/ontology/wikiPageID","22490571"
"http://dbpedia.org/resource/Uclés_(DO)","https://w3id.org/winecatalogue#id","Uclés"
"http://dbpedia.org/resource/La_Palma_(DO)","http://dbpedia.org/property/name","La Palma DOP"
"http://dbpedia.org/resource/Ribeira_Sacra_(DO)","http://dbpedia.org/property/wineProduced","35787"
"http://dbpedia.org/resource/Somontano","http://dbpedia.org/ontology/wikiPageID","11002639"
"http://dbpedia.org/resource/Valle_de_Güímar","https://w3id.org/winecatalogue#id","Valle de Güímar"
"http://dbpedia.org/resource/Manchuela_DO","http://dbpedia.org/property/wineProduced","52003"
"http://dbpedia.org/resource/Conca_de_Barberà_(DO)","http://dbpedia.org/property/year","1989"
"http://dbpedia.org/resource/Bizkaiko_Txakolina","http://dbpedia.org/property/officialName","D.O.P. Bizkaiko Txakolina-Txakoli de Bizkaia-Chacolí de Bizkaia"
"http://dbpedia.org/resource/Almansa_(DO)","http://dbpedia.org/ontology/wikiPageID","11466715"
"http://dbpedia.org/resource/Valdepeñas_(DO)","http://dbpedia.org/ontology/wikiPageID","11645383"
"http://dbpedia.org/resource/Condado_de_Huelva","http://purl.org/dc/terms/subject","http://dbpedia.org/resource/Category:Wine_regions_of_Spain"
"http://dbpedia.org/resource/Somontano","http://dbpedia.org/property/wineProduced","184449"
"http://dbpedia.org/resource/Almansa_(DO)","http://www.w3.org/2003/01/geo/wgs84_pos#long","-1.08333"
"http://dbpedia.org/resource/Cariñena_(DO)","http://dbpedia.org/property/officialName","D.O.P Cariñena"
"http://dbpedia.org/resource/Valle_de_la_Orotava","http://www.w3.org/2003/01/geo/wgs84_pos#lat","28.3919"
"http://dbpedia.org/resource/Terra_Alta_(DO)","http://www.w3.org/2003/01/geo/wgs84_pos#lat","41.05"
"http://dbpedia.org/resource/Valencia_(DO)","http://www.w3.org/2003/01/geo/wgs84_pos#lat","39.4667"
"http://dbpedia.org/resource/La_Palma_(DO)","http://dbpedia.org/property/year","1994"
"http://dbpedia.org/resource/Valdepeñas_(DO)","http://dbpedia.org/property/name","Valdepeñas DOP"
"http://dbpedia.org/resource/Granada_(wine)","http://purl.org/dc/terms/subject","http://dbpedia.org/resource/Category:Wine_regions_of_Spain"
"http://dbpedia.org/resource/Manchuela_DO","http://dbpedia.org/property/year","2004"
"http://dbpedia.org/resource/Tierra_del_Vino_de_Zamora_DO","http://purl.org/dc/terms/subject","http://dbpedia.org/resource/Category:Wine_regions_of_Spain"
"http://dbpedia.org/resource/Getariako_Txakolina","http://dbpedia.org/ontology/wikiPageID","22418504"
"http://dbpedia.org/resource/Montsant_DO","http://dbpedia.org/property/name","Montsant DOP"
"http://dbpedia.org/resource/Tierra_del_Vino_de_Zamora_DO","http://dbpedia.org/ontology/wikiPageID","19357370"
"http://dbpedia.org/resource/Tarragona_(DO)","http://dbpedia.org/ontology/wikiPageID","11831388"
"http://dbpedia.org/resource/Catalunya_(DO)","http://dbpedia.org/ontology/wikiPageID","11710601"
"http://dbpedia.org/resource/Utiel-Requena","http://purl.org/dc/terms/subject","http://dbpedia.org/resource/Category:Wine_regions_of_Spain"
"http://dbpedia.org/resource/Rueda_(DO)","http://purl.org/dc/terms/subject","http://dbpedia.org/resource/Category:Wine_regions_of_Spain"
"http://dbpedia.org/resource/Vinos_de_Madrid","https://w3id.org/winecatalogue#id","Vinos de Madrid"
"http://dbpedia.org/resource/Bizkaiko_Txakolina","http://purl.org/dc/terms/subject","http://dbpedia.org/resource/Category:Wine_regions_of_Spain"
"http://dbpedia.org/resource/Catalunya_(DO)","http://dbpedia.org/property/name","Catalunya DOP"
"http://dbpedia.org/resource/Navarra_(DO)","https://w3id.org/winecatalogue#id","Navarra"
"http://dbpedia.org/resource/Getariako_Txakolina","http://dbpedia.org/property/wineries","31"
"http://dbpedia.org/resource/Bizkaiko_Txakolina","http://dbpedia.org/property/year","1994"
"http://dbpedia.org/resource/Valle_de_Güímar","http://dbpedia.org/property/officialName","D.O.P. Valle de Güímar"
"http://dbpedia.org/resource/Empordà_(DO)","http://dbpedia.org/property/name","Empordà DOP"
"http://dbpedia.org/resource/La_Palma_(DO)","http://dbpedia.org/property/officialName","D.O.P. La Palma"
"http://dbpedia.org/resource/Pla_de_Bages","http://dbpedia.org/property/wineProduced","3689"
"http://dbpedia.org/resource/Abona_(DO)","http://dbpedia.org/property/year","1996"
"http://dbpedia.org/resource/Alella_(DO)","http://dbpedia.org/property/officialName","Denominació d'Origen Alella"
"http://dbpedia.org/resource/Granada_(wine)","http://dbpedia.org/property/name","Granada DOP"
"http://dbpedia.org/resource/Tacoronte-Acentejo","http://dbpedia.org/property/officialName","D.O.P. Tacoronte-Acentejo"
"http://dbpedia.org/resource/Valdepeñas_(DO)","http://dbpedia.org/property/officialName","D.O.P Valdepeñas"
"http://dbpedia.org/resource/Toro_(DO)","http://dbpedia.org/property/name","Toro DOP"
"http://dbpedia.org/resource/Pla_i_Llevant_(DO)","http://www.w3.org/2003/01/geo/wgs84_pos#lat","39.4714"
"http://dbpedia.org/resource/Arlanza_(DO)","http://purl.org/dc/terms/subject","http://dbpedia.org/resource/Category:Wine_regions_of_Spain"
"http://dbpedia.org/resource/Pla_de_Bages","http://dbpedia.org/ontology/wikiPageID","11784976"
"http://dbpedia.org/resource/Tierra_del_Vino_de_Zamora_DO","http://dbpedia.org/property/year","2007"
"http://dbpedia.org/resource/Alicante_(DO)","http://dbpedia.org/property/officialName","D.O. Alicante"
"http://dbpedia.org/resource/Ycoden-Daute-Isora","http://www.w3.org/2003/01/geo/wgs84_pos#lat","28.3744"
"http://dbpedia.org/resource/Málaga_and_Sierras_de_Málaga","http://dbpedia.org/property/year","1932"
"http://dbpedia.org/resource/Valle_de_la_Orotava","http://purl.org/dc/terms/subject","http://dbpedia.org/resource/Category:Wine_regions_of_Spain"
"http://dbpedia.org/resource/Conca_de_Barberà_(DO)","http://dbpedia.org/property/wineries","26"
"http://dbpedia.org/resource/Manzanilla_(wine)","https://w3id.org/winecatalogue#id","Manzanilla-Sanlúcar de Barrameda"
"http://dbpedia.org/resource/Lanzarote_(DO)","http://dbpedia.org/property/year","1994"
"http://dbpedia.org/resource/Uclés_(DO)","http://dbpedia.org/ontology/wikiPageID","22454730"
"http://dbpedia.org/resource/Catalunya_(DO)","https://w3id.org/winecatalogue#id","Catalunya"
"http://dbpedia.org/resource/Vinos_de_Madrid","http://purl.org/dc/terms/subject","http://dbpedia.org/resource/Category:Wine_regions_of_Spain"
"http://dbpedia.org/resource/Campo_de_Borja_(DO)","http://purl.org/dc/terms/subject","http://dbpedia.org/resource/Category:Wine_regions_of_Spain"
"http://dbpedia.org/resource/Ribeira_Sacra_(DO)","http://purl.org/dc/terms/subject","http://dbpedia.org/resource/Category:Wine_regions_of_Spain"
"http://dbpedia.org/resource/Lanzarote_(DO)","http://purl.org/dc/terms/subject","http://dbpedia.org/resource/Category:Wine_regions_of_Spain"
"http://dbpedia.org/resource/Arribes_(wine)","http://dbpedia.org/property/name","Arribes DOP"
"http://dbpedia.org/resource/Costers_del_Segre","http://dbpedia.org/property/officialName","D.O.P. Costers del Segre"
"http://dbpedia.org/resource/Tarragona_(DO)","http://www.w3.org/2003/01/geo/wgs84_pos#lat","41.1333"
"http://dbpedia.org/resource/Cigales_(wine)","http://dbpedia.org/property/name","Cigales DOP"
"http://dbpedia.org/resource/Costers_del_Segre","http://www.w3.org/2003/01/geo/wgs84_pos#lat","41.6022"
"http://dbpedia.org/resource/Catalunya_(DO)","http://purl.org/dc/terms/subject","http://dbpedia.org/resource/Category:Wine_regions_of_Spain"
"http://dbpedia.org/resource/Campo_de_Borja_(DO)","http://dbpedia.org/property/name","Campo de Borja DOP"
"http://dbpedia.org/resource/Bullas_(DO)","http://dbpedia.org/property/name","Bullas DOP"
"http://dbpedia.org/resource/Ribera_del_Júcar","http://dbpedia.org/ontology/wikiPageID","11644557"
"http://dbpedia.org/resource/Cariñena_(DO)","http://purl.org/dc/terms/subject","http://dbpedia.org/resource/Category:Wine_regions_of_Spain"
"http://dbpedia.org/resource/Getariako_Txakolina","http://dbpedia.org/property/wineProduced","15143"
"http://dbpedia.org/resource/Ribera_del_Guadiana","https://w3id.org/winecatalogue#id","Ribera del Guadiana"
"http://dbpedia.org/resource/Campo_de_Borja_(DO)","http://dbpedia.org/property/wineries","18"
"http://dbpedia.org/resource/Montilla-Moriles","http://dbpedia.org/property/wineProduced","206960"
"http://dbpedia.org/resource/Arribes_(wine)","http://www.w3.org/2003/01/geo/wgs84_pos#lat","41.3236"
"http://dbpedia.org/resource/Ribeiro_(DO)","https://w3id.org/winecatalogue#id","Ribeiro"
"http://dbpedia.org/resource/Rueda_(DO)","http://dbpedia.org/property/wineries","68"
"http://dbpedia.org/resource/Tierra_del_Vino_de_Zamora_DO","http://dbpedia.org/property/wineProduced","803"
"http://dbpedia.org/resource/Navarra_(DO)","http://dbpedia.org/ontology/wikiPageID","12083040"
"http://dbpedia.org/resource/Rueda_(DO)","http://dbpedia.org/ontology/wikiPageID","11713545"
"http://dbpedia.org/resource/La_Gomera_(DO)","http://dbpedia.org/property/name","La Gomera DOP"
"http://dbpedia.org/resource/Bullas_(DO)","https://w3id.org/winecatalogue#id","Bullas"
"http://dbpedia.org/resource/Ribeiro_(DO)","http://dbpedia.org/property/wineProduced","35787"
"http://dbpedia.org/resource/Alicante_(DO)","http://dbpedia.org/property/year","1932"
"http://dbpedia.org/resource/Penedès_(DO)","http://dbpedia.org/property/name","Penedès DOP"
"http://dbpedia.org/resource/La_Gomera_(DO)","http://dbpedia.org/property/year","2009"
"http://dbpedia.org/resource/Ribera_del_Guadiana","http://www.w3.org/2003/01/geo/wgs84_pos#long","-6.4"
"http://dbpedia.org/resource/Catalunya_(DO)","http://dbpedia.org/property/wineries","226"
"http://dbpedia.org/resource/Arribes_(wine)","http://dbpedia.org/ontology/wikiPageID","18381388"
"http://dbpedia.org/resource/Txakoli_de_Álava","https://w3id.org/winecatalogue#id","Arabako Txakolina-Txakolí de Álava-Chacolí de Álava"
"http://dbpedia.org/resource/Abona_(DO)","http://dbpedia.org/property/officialName","D.O.P. Abona"
"http://dbpedia.org/resource/Valle_de_la_Orotava","http://dbpedia.org/property/name","Valle de la Orotava DOP"
"http://dbpedia.org/resource/Ribera_del_Júcar","http://www.w3.org/2003/01/geo/wgs84_pos#long","-2.2"
"http://dbpedia.org/resource/Utiel-Requena","http://dbpedia.org/property/officialName","D.O.P. Utiel - Requena"
"http://dbpedia.org/resource/Jumilla_(DO)","http://www.w3.org/2003/01/geo/wgs84_pos#lat","38.7833"
"http://dbpedia.org/resource/Valdepeñas_(DO)","http://www.w3.org/2003/01/geo/wgs84_pos#lat","38.7667"
"http://dbpedia.org/resource/Granada_(wine)","http://www.w3.org/2003/01/geo/wgs84_pos#long","-3.60056"
"http://dbpedia.org/resource/Somontano","http://dbpedia.org/property/wineries","31"
"http://dbpedia.org/resource/Montsant_DO","https://w3id.org/winecatalogue#id","Montsant"
"http://dbpedia.org/resource/Málaga_and_Sierras_de_Málaga","http://dbpedia.org/property/name","Málaga DOP"
"http://dbpedia.org/resource/Pla_i_Llevant_(DO)","http://www.w3.org/2003/01/geo/wgs84_pos#long","2.14344"
"http://dbpedia.org/resource/Ribera_del_Júcar","http://dbpedia.org/property/wineries","9"
"http://dbpedia.org/resource/Méntrida_DO","http://purl.org/dc/terms/subject","http://dbpedia.org/resource/Category:Wine_regions_of_Spain"
"http://dbpedia.org/resource/La_Mancha_(DO)","https://w3id.org/winecatalogue#id","La Mancha"
"http://dbpedia.org/resource/La_Gomera_(DO)","https://w3id.org/winecatalogue#id","La Gomera"
"http://dbpedia.org/resource/Ribeira_Sacra_(DO)","http://dbpedia.org/ontology/wikiPageID","12068829"
"http://dbpedia.org/resource/Abona_(DO)","http://dbpedia.org/ontology/wikiPageID","14228657"
"http://dbpedia.org/resource/Manzanilla_(wine)","http://dbpedia.org/property/officialName","D.O.P. Manzanilla-Sanlúcar de Barrameda"
"http://dbpedia.org/resource/Terra_Alta_(DO)","https://w3id.org/winecatalogue#id","Terra Alta"
"http://dbpedia.org/resource/Campo_de_Borja_(DO)","http://dbpedia.org/property/officialName","D.O.P Campo de Borja"
"http://dbpedia.org/resource/Mondéjar_(DO)","http://dbpedia.org/property/wineProduced","1519"
"http://dbpedia.org/resource/Málaga_and_Sierras_de_Málaga","http://dbpedia.org/property/wineries","40"
"http://dbpedia.org/resource/Navarra_(DO)","http://www.w3.org/2003/01/geo/wgs84_pos#lat","42.4811"
"http://dbpedia.org/resource/Manzanilla_(wine)","http://www.w3.org/2003/01/geo/wgs84_pos#long","-6.35694"
"http://dbpedia.org/resource/Alella_(DO)","http://dbpedia.org/ontology/wikiPageID","11665256"
"http://dbpedia.org/resource/Ribera_del_Guadiana","http://dbpedia.org/property/wineries","26"
"http://dbpedia.org/resource/Catalunya_(DO)","http://dbpedia.org/property/officialName","D.O.P. Catalunya"
"http://dbpedia.org/resource/Manchuela_DO","http://dbpedia.org/property/name","Manchuela DOP"
"http://dbpedia.org/resource/Montilla-Moriles","http://www.w3.org/2003/01/geo/wgs84_pos#long","-4.6395"
"http://dbpedia.org/resource/Navarra_(DO)","http://dbpedia.org/property/name","Navarra DOP"
"http://dbpedia.org/resource/Penedès_(DO)","http://www.w3.org/2003/01/geo/wgs84_pos#long","1.74957"
"http://dbpedia.org/resource/Pla_i_Llevant_(DO)","http://dbpedia.org/property/name","Pla i Llevant DOP"
"http://dbpedia.org/resource/Empordà_(DO)","https://w3id.org/winecatalogue#id","Empordà"
"http://dbpedia.org/resource/Vinos_de_Madrid","http://www.w3.org/2003/01/geo/wgs84_pos#long","-4.01361"
"http://dbpedia.org/resource/Vinos_de_Madrid","http://dbpedia.org/property/officialName","D.O.P. Vinos de Madrid"
"http://dbpedia.org/resource/Navarra_(DO)","http://dbpedia.org/property/year","1933"
"http://dbpedia.org/resource/Utiel-Requena","http://www.w3.org/2003/01/geo/wgs84_pos#lat","39.5062"
"http://dbpedia.org/resource/Mondéjar_(DO)","http://dbpedia.org/property/officialName","D.O.P. Mondéjar"
"http://dbpedia.org/resource/Calatayud_(DO)","http://dbpedia.org/property/name","Calatayud DOP"
"http://dbpedia.org/resource/Condado_de_Huelva","https://w3id.org/winecatalogue#id","Condado de Huelva"
"http://dbpedia.org/resource/Valle_de_la_Orotava","http://dbpedia.org/property/wineries","14"
"http://dbpedia.org/resource/Valencia_(DO)","http://dbpedia.org/property/name","Valencia DOP"
"http://dbpedia.org/resource/Catalunya_(DO)","http://www.w3.org/2003/01/geo/wgs84_pos#long","1.46667"
"http://dbpedia.org/resource/Penedès_(DO)","http://dbpedia.org/property/year","1932"
"http://dbpedia.org/resource/Abona_(DO)","http://dbpedia.org/property/wineries","19"
"http://dbpedia.org/resource/Txakoli_de_Álava","http://dbpedia.org/property/name","Arabako Txakolina-Txakolí de Álava-Chacolí de Álava DOP"
"http://dbpedia.org/resource/Tierra_del_Vino_de_Zamora_DO","http://www.w3.org/2003/01/geo/wgs84_pos#lat","41.4989"
"http://dbpedia.org/resource/Tierra_del_Vino_de_Zamora_DO","http://dbpedia.org/property/name","Tierra del Vino de Zamora DOP"
"http://dbpedia.org/resource/Alella_(DO)","http://dbpedia.org/property/wineries","8"
"http://dbpedia.org/resource/Alella_(DO)","http://www.w3.org/2003/01/geo/wgs84_pos#lat","41.4953"
"http://dbpedia.org/resource/Ycoden-Daute-Isora","http://purl.org/dc/terms/subject","http://dbpedia.org/resource/Category:Wine_regions_of_Spain"
"http://dbpedia.org/resource/La_Palma_(DO)","https://w3id.org/winecatalogue#id","La Palma"
"http://dbpedia.org/resource/Málaga_and_Sierras_de_Málaga","http://purl.org/dc/terms/subject","http://dbpedia.org/resource/Category:Wine_regions_of_Spain"
"http://dbpedia.org/resource/Ribera_del_Guadiana","http://dbpedia.org/ontology/wikiPageID","11989429"
"http://dbpedia.org/resource/Arlanza_(DO)","http://dbpedia.org/ontology/wikiPageID","19357314"
"http://dbpedia.org/resource/Pla_de_Bages","http://dbpedia.org/property/officialName","D.O.P. Pla de Bages"
"http://dbpedia.org/resource/Tacoronte-Acentejo","http://dbpedia.org/property/wineProduced","6501"
"http://dbpedia.org/resource/Málaga_and_Sierras_de_Málaga","http://dbpedia.org/property/officialName","D.O.P. Sierras de Málaga"
"http://dbpedia.org/resource/El_Hierro_(DO)","http://purl.org/dc/terms/subject","http://dbpedia.org/resource/Category:Wine_regions_of_Spain"
"http://dbpedia.org/resource/Costers_del_Segre","http://dbpedia.org/property/wineries","36"
"http://dbpedia.org/resource/Manchuela_DO","http://dbpedia.org/property/officialName","D.O.P. Manchuela"
"http://dbpedia.org/resource/Conca_de_Barberà_(DO)","http://dbpedia.org/property/name","Conca de Barberà DOP"
"http://dbpedia.org/resource/Empordà_(DO)","http://www.w3.org/2003/01/geo/wgs84_pos#lat","42.3883"
"http://dbpedia.org/resource/Montilla-Moriles","https://w3id.org/winecatalogue#id","Montilla - Moriles"
"http://dbpedia.org/resource/Tacoronte-Acentejo","http://dbpedia.org/property/wineries","31"
"http://dbpedia.org/resource/Terra_Alta_(DO)","http://dbpedia.org/ontology/wikiPageID","11831910"
"http://dbpedia.org/resource/Montsant_DO","http://dbpedia.org/property/wineries","55"
"http://dbpedia.org/resource/Pla_i_Llevant_(DO)","http://dbpedia.org/ontology/wikiPageID","13925041"
"http://dbpedia.org/resource/Vinos_de_Madrid","http://dbpedia.org/ontology/wikiPageID","11607982"
"http://dbpedia.org/resource/Vinos_de_Madrid","http://dbpedia.org/property/wineries","44"
"http://dbpedia.org/resource/Ribeiro_(DO)","http://www.w3.org/2003/01/geo/wgs84_pos#long","-8.13333"
"http://dbpedia.org/resource/Bullas_(DO)","http://dbpedia.org/property/officialName","D.O.P. Bullas"
"http://dbpedia.org/resource/Jumilla_(DO)","http://dbpedia.org/property/wineries","45"
"http://dbpedia.org/resource/Arlanza_(DO)","https://w3id.org/winecatalogue#id","Arlanza"
"http://dbpedia.org/resource/Méntrida_DO","http://dbpedia.org/property/wineProduced","31071"
"http://dbpedia.org/resource/Rueda_(DO)","http://dbpedia.org/property/year","1980"
"http://dbpedia.org/resource/Montsant_DO","http://www.w3.org/2003/01/geo/wgs84_pos#lat","41.1469"
"http://dbpedia.org/resource/Calatayud_(DO)","http://dbpedia.org/property/year","1990"
"http://dbpedia.org/resource/Bierzo_(DO)","http://www.w3.org/2003/01/geo/wgs84_pos#long","-6.58333"
"http://dbpedia.org/resource/Tacoronte-Acentejo","https://w3id.org/winecatalogue#id","Tacoronte-Acentejo"
"http://dbpedia.org/resource/Arribes_(wine)","https://w3id.org/winecatalogue#id","Arribes"
"http://dbpedia.org/resource/Costers_del_Segre","https://w3id.org/winecatalogue#id","Costers del Segre"
"http://dbpedia.org/resource/Utiel-Requena","http://dbpedia.org/ontology/wikiPageID","11898031"
"http://dbpedia.org/resource/Cariñena_(DO)","http://www.w3.org/2003/01/geo/wgs84_pos#long","-1.21667"
"http://dbpedia.org/resource/Somontano","http://purl.org/dc/terms/subject","http://dbpedia.org/resource/Category:Wine_regions_of_Spain"
"http://dbpedia.org/resource/Bierzo_(DO)","https://w3id.org/winecatalogue#id","Bierzo"
"http://dbpedia.org/resource/Alicante_(DO)","http://dbpedia.org/property/wineProduced","147206"
"http://dbpedia.org/resource/Bullas_(DO)","http://dbpedia.org/ontology/wikiPageID","12083567"
"http://dbpedia.org/resource/Getariako_Txakolina","http://purl.org/dc/terms/subject","http://dbpedia.org/resource/Category:Wine_regions_of_Spain"
"http://dbpedia.org/resource/Pla_de_Bages","http://dbpedia.org/property/year","1997"
"http://dbpedia.org/resource/La_Mancha_(DO)","http://dbpedia.org/property/officialName","D.O.P. La Mancha"
"http://dbpedia.org/resource/Vinos_de_Madrid","http://dbpedia.org/property/name","Vinos de Madrid DOP"
"http://dbpedia.org/resource/Arribes_(wine)","http://dbpedia.org/property/wineProduced","697"
"http://dbpedia.org/resource/Bullas_(DO)","http://dbpedia.org/property/wineries","10"
"http://dbpedia.org/resource/Tarragona_(DO)","http://www.w3.org/2003/01/geo/wgs84_pos#long","1.25"
"http://dbpedia.org/resource/Rías_Baixas_(DO)","http://dbpedia.org/property/wineProduced","10000000"
"http://dbpedia.org/resource/Arlanza_(DO)","http://dbpedia.org/property/name","Arlanza DOP"
"http://dbpedia.org/resource/Txakoli_de_Álava","http://dbpedia.org/property/year","2002"
"http://dbpedia.org/resource/Priorat_(DOQ)","http://www.w3.org/2003/01/geo/wgs84_pos#long","0.816667"
"http://dbpedia.org/resource/Penedès_(DO)","http://dbpedia.org/ontology/wikiPageID","25717917"
"http://dbpedia.org/resource/Uclés_(DO)","http://www.w3.org/2003/01/geo/wgs84_pos#lat","39.9833"
"http://dbpedia.org/resource/La_Gomera_(DO)","http://dbpedia.org/ontology/wikiPageID","22439972"
"http://dbpedia.org/resource/Utiel-Requena","http://dbpedia.org/property/wineProduced","327842"
"http://dbpedia.org/resource/Calatayud_(DO)","https://w3id.org/winecatalogue#id","Calatayud"
"http://dbpedia.org/resource/Somontano","http://www.w3.org/2003/01/geo/wgs84_pos#lat","42.0361"
"http://dbpedia.org/resource/Arlanza_(DO)","http://dbpedia.org/property/wineProduced","1351"
"http://dbpedia.org/resource/Pla_i_Llevant_(DO)","http://dbpedia.org/property/year","2001"
"http://dbpedia.org/resource/Condado_de_Huelva","http://dbpedia.org/ontology/wikiPageID","11003208"
"http://dbpedia.org/resource/Rueda_(DO)","http://www.w3.org/2003/01/geo/wgs84_pos#long","-4.9571"
"http://dbpedia.org/resource/La_Palma_(DO)","http://dbpedia.org/property/wineries","17"
"http://dbpedia.org/resource/Cariñena_(DO)","https://w3id.org/winecatalogue#id","Cariñena"
"http://dbpedia.org/resource/Priorat_(DOQ)","http://dbpedia.org/property/wineries","109"
"http://dbpedia.org/resource/Rías_Baixas_(DO)","http://purl.org/dc/terms/subject","http://dbpedia.org/resource/Category:Wine_regions_of_Spain"
"http://dbpedia.org/resource/La_Mancha_(DO)","http://dbpedia.org/ontology/wikiPageID","11409727"
"http://dbpedia.org/resource/Rueda_(DO)","http://dbpedia.org/property/officialName","D.O. Rueda"
"http://dbpedia.org/resource/Manzanilla_(wine)","http://dbpedia.org/ontology/wikiPageID","1076502"
"http://dbpedia.org/resource/Bizkaiko_Txakolina","http://dbpedia.org/property/name","Bizkaiko Txakolina-Txakoli de Bizkaia-Chacolí de Bizkaia DOP"
"http://dbpedia.org/resource/La_Mancha_(DO)","http://www.w3.org/2003/01/geo/wgs84_pos#lat","39.4056"
"http://dbpedia.org/resource/La_Mancha_(DO)","http://dbpedia.org/property/wineries","247"
"http://dbpedia.org/resource/Arribes_(wine)","http://www.w3.org/2003/01/geo/wgs84_pos#long","-6.38333"
"http://dbpedia.org/resource/Valencia_(DO)","http://dbpedia.org/property/wineProduced","327842"
"http://dbpedia.org/resource/Bizkaiko_Txakolina","http://dbpedia.org/property/wineProduced","18062"
"http://dbpedia.org/resource/Ribera_del_Guadiana","http://dbpedia.org/property/year","1999"
"http://dbpedia.org/resource/Ribeiro_(DO)","http://dbpedia.org/property/name","Ribeiro DOP"
"http://dbpedia.org/resource/Ribera_del_Júcar","http://dbpedia.org/property/wineProduced","5426"
"http://dbpedia.org/resource/Tierra_del_Vino_de_Zamora_DO","http://www.w3.org/2003/01/geo/wgs84_pos#long","-5.75556"
"http://dbpedia.org/resource/El_Hierro_(DO)","http://dbpedia.org/property/officialName","D.O.P. El Hierro"
"http://dbpedia.org/resource/Málaga_and_Sierras_de_Málaga","http://dbpedia.org/property/wineProduced","11602"
"http://dbpedia.org/resource/Ribeira_Sacra_(DO)","https://w3id.org/winecatalogue#id","Ribeira Sacra"
"http://dbpedia.org/resource/Ribera_del_Guadiana","http://dbpedia.org/property/wineProduced","73795"
"http://dbpedia.org/resource/Uclés_(DO)","http://dbpedia.org/property/year","2003"
"http://dbpedia.org/resource/Cigales_(wine)","http://dbpedia.org/property/officialName","D.O. Cigales"
"http://dbpedia.org/resource/Manzanilla_(wine)","http://dbpedia.org/property/name","Manzanilla-Sanlúcar de Barrameda DOP"
"http://dbpedia.org/resource/Valdepeñas_(DO)","https://w3id.org/winecatalogue#id","Valdepeñas"
"http://dbpedia.org/resource/Valencia_(DO)","http://www.w3.org/2003/01/geo/wgs84_pos#long","-0.375"
"http://dbpedia.org/resource/Ribera_del_Júcar","http://dbpedia.org/property/year","2003"
"http://dbpedia.org/resource/Montsant_DO","http://dbpedia.org/property/year","2002"
"http://dbpedia.org/resource/Somontano","https://w3id.org/winecatalogue#id","Somontano"
"http://dbpedia.org/resource/Valle_de_Güímar","http://dbpedia.org/property/year","1996"
"http://dbpedia.org/resource/Arlanza_(DO)","http://dbpedia.org/property/officialName","D.O.P. Arlanza"
"http://dbpedia.org/resource/Granada_(wine)","http://dbpedia.org/property/year","2018"
"http://dbpedia.org/resource/Lanzarote_(DO)","http://dbpedia.org/ontology/wikiPageID","22491479"
"http://dbpedia.org/resource/Empordà_(DO)","http://dbpedia.org/property/wineries","43"
"http://dbpedia.org/resource/Terra_Alta_(DO)","http://www.w3.org/2003/01/geo/wgs84_pos#long","0.433333"
"http://dbpedia.org/resource/Toro_(DO)","http://dbpedia.org/ontology/wikiPageID","11355167"
"http://dbpedia.org/resource/Tarragona_(DO)","https://w3id.org/winecatalogue#id","Tarragona"
"http://dbpedia.org/resource/Alicante_(DO)","http://www.w3.org/2003/01/geo/wgs84_pos#long","-0.274656"
"http://dbpedia.org/resource/Getariako_Txakolina","http://dbpedia.org/property/year","1990"
"http://dbpedia.org/resource/Arlanza_(DO)","http://dbpedia.org/property/year","2007"
"http://dbpedia.org/resource/Lanzarote_(DO)","https://w3id.org/winecatalogue#id","Lanzarote"
"http://dbpedia.org/resource/Cariñena_(DO)","http://dbpedia.org/ontology/wikiPageID","11356137"
"http://dbpedia.org/resource/La_Palma_(DO)","http://dbpedia.org/ontology/wikiPageID","22491192"
"http://dbpedia.org/resource/Almansa_(DO)","http://dbpedia.org/property/officialName","D.O.P. Almansa"
"http://dbpedia.org/resource/Cariñena_(DO)","http://dbpedia.org/property/name","Cariñena DOP"
"http://dbpedia.org/resource/Conca_de_Barberà_(DO)","http://dbpedia.org/property/officialName","Denominació d'Origen Protegida Conca de Barberà"
"http://dbpedia.org/resource/Bierzo_(DO)","http://dbpedia.org/property/year","1989"
"http://dbpedia.org/resource/Tarragona_(DO)","http://dbpedia.org/property/officialName","D.O.P. Tarragona"
"http://dbpedia.org/resource/Costers_del_Segre","http://dbpedia.org/ontology/wikiPageID","11784090"
"http://dbpedia.org/resource/Ycoden-Daute-Isora","http://dbpedia.org/property/name","Ycoden-Daute-Isora DOP"
"http://dbpedia.org/resource/Uclés_(DO)","http://dbpedia.org/property/wineProduced","32564"
"http://dbpedia.org/resource/Utiel-Requena","https://w3id.org/winecatalogue#id","Utiel - Requena"
"http://dbpedia.org/resource/Ribera_del_Júcar","http://purl.org/dc/terms/subject","http://dbpedia.org/resource/Category:Wine_regions_of_Spain"
"http://dbpedia.org/resource/Catalunya_(DO)","http://dbpedia.org/property/year","2001"
"http://dbpedia.org/resource/Rías_Baixas_(DO)","https://w3id.org/winecatalogue#id","Rías Baixas"
"http://dbpedia.org/resource/Bierzo_(DO)","http://dbpedia.org/ontology/wikiPageID","11270623"
"http://dbpedia.org/resource/Penedès_(DO)","http://dbpedia.org/property/wineries","138"
"http://dbpedia.org/resource/Empordà_(DO)","http://dbpedia.org/property/officialName","D.O.P. Empordà"
"http://dbpedia.org/resource/Ribera_del_Guadiana","http://purl.org/dc/terms/subject","http://dbpedia.org/resource/Category:Wine_regions_of_Spain"
"http://dbpedia.org/resource/Montsant_DO","http://purl.org/dc/terms/subject","http://dbpedia.org/resource/Category:Wine_regions_of_Spain"
"http://dbpedia.org/resource/Cariñena_(DO)","http://www.w3.org/2003/01/geo/wgs84_pos#lat","41.3333"
"http://dbpedia.org/resource/Rías_Baixas_(DO)","http://dbpedia.org/ontology/wikiPageID","12067614"
"http://dbpedia.org/resource/Lanzarote_(DO)","http://dbpedia.org/property/wineries","19"
"http://dbpedia.org/resource/Manzanilla_(wine)","http://purl.org/dc/terms/subject","http://dbpedia.org/resource/Category:Wine_regions_of_Spain"
"http://dbpedia.org/resource/Jumilla_(DO)","http://www.w3.org/2003/01/geo/wgs84_pos#long","-1.31667"
"http://dbpedia.org/resource/Somontano","http://dbpedia.org/property/year","1984"
"http://dbpedia.org/resource/Lanzarote_(DO)","http://www.w3.org/2003/01/geo/wgs84_pos#lat","29.0017"
"http://dbpedia.org/resource/Cigales_(wine)","http://www.w3.org/2003/01/geo/wgs84_pos#long","-4.7"
"http://dbpedia.org/resource/Utiel-Requena","http://www.w3.org/2003/01/geo/wgs84_pos#long","-1.18103"
"http://dbpedia.org/resource/Cariñena_(DO)","http://dbpedia.org/property/wineProduced","642055"
"http://dbpedia.org/resource/Uclés_(DO)","http://www.w3.org/2003/01/geo/wgs84_pos#long","-2.85"
"http://dbpedia.org/resource/Jumilla_(DO)","http://purl.org/dc/terms/subject","http://dbpedia.org/resource/Category:Wine_regions_of_Spain"
"http://dbpedia.org/resource/Toro_(DO)","http://www.w3.org/2003/01/geo/wgs84_pos#long","-5.39111"
"http://dbpedia.org/resource/Arlanza_(DO)","http://www.w3.org/2003/01/geo/wgs84_pos#long","-3.75889"
"http://dbpedia.org/resource/Valdepeñas_(DO)","http://www.w3.org/2003/01/geo/wgs84_pos#long","-3.4"
"http://dbpedia.org/resource/Alicante_(DO)","https://w3id.org/winecatalogue#id","Alicante"
"http://dbpedia.org/resource/Vinos_de_Madrid","http://dbpedia.org/property/wineProduced","28487"
"http://dbpedia.org/resource/Utiel-Requena","http://dbpedia.org/property/year","1932"
"http://dbpedia.org/resource/Tierra_del_Vino_de_Zamora_DO","http://dbpedia.org/property/officialName","C.R.D.O. Tierra del Vino de Zamora"
"http://dbpedia.org/resource/Ycoden-Daute-Isora","http://dbpedia.org/property/year","1994"
"http://dbpedia.org/resource/Méntrida_DO","http://dbpedia.org/property/wineries","26"
"http://dbpedia.org/resource/Priorat_(DOQ)","http://www.w3.org/2003/01/geo/wgs84_pos#lat","41.1333"
"http://dbpedia.org/resource/Bizkaiko_Txakolina","http://dbpedia.org/property/wineries","36"
"http://dbpedia.org/resource/Arribes_(wine)","http://purl.org/dc/terms/subject","http://dbpedia.org/resource/Category:Wine_regions_of_Spain"
"http://dbpedia.org/resource/Cigales_(wine)","https://w3id.org/winecatalogue#id","Cigales"
"http://dbpedia.org/resource/Jumilla_(DO)","http://dbpedia.org/property/wineProduced","102637"
"http://dbpedia.org/resource/Alicante_(DO)","http://www.w3.org/2003/01/geo/wgs84_pos#lat","38.7369"
"http://dbpedia.org/resource/Priorat_(DOQ)","http://dbpedia.org/property/year","2006"
"http://dbpedia.org/resource/Lanzarote_(DO)","http://dbpedia.org/property/wineProduced","4330"
"http://dbpedia.org/resource/Rueda_(DO)","http://www.w3.org/2003/01/geo/wgs84_pos#lat","41.4141"
"http://dbpedia.org/resource/Bierzo_(DO)","http://purl.org/dc/terms/subject","http://dbpedia.org/resource/Category:Wine_regions_of_Spain"
"http://dbpedia.org/resource/Alicante_(DO)","http://purl.org/dc/terms/subject","http://dbpedia.org/resource/Category:Wine_regions_of_Spain"
"http://dbpedia.org/resource/Uclés_(DO)","http://dbpedia.org/property/name","Uclés DO"
"http://dbpedia.org/resource/Jumilla_(DO)","http://dbpedia.org/property/name","Jumilla DOP"
"http://dbpedia.org/resource/Toro_(DO)","http://dbpedia.org/property/wineProduced","33513"
"http://dbpedia.org/resource/Tacoronte-Acentejo","http://dbpedia.org/ontology/wikiPageID","14227564"
"http://dbpedia.org/resource/Bierzo_(DO)","http://dbpedia.org/property/wineProduced","40729"
"http://dbpedia.org/resource/Montsant_DO","http://dbpedia.org/property/officialName","Denominació d'Origen Montsant"
"http://dbpedia.org/resource/Rías_Baixas_(DO)","http://dbpedia.org/property/year","1988"
"http://dbpedia.org/resource/Tierra_del_Vino_de_Zamora_DO","http://dbpedia.org/property/wineries","9"
"http://dbpedia.org/resource/Manchuela_DO","http://dbpedia.org/property/wineries","37"
"http://dbpedia.org/resource/Txakoli_de_Álava","http://dbpedia.org/property/wineries","6"
"http://dbpedia.org/resource/Málaga_and_Sierras_de_Málaga","http://www.w3.org/2003/01/geo/wgs84_pos#long","-4.42"
"http://dbpedia.org/resource/Navarra_(DO)","http://dbpedia.org/property/wineries","87"
"http://dbpedia.org/resource/Calatayud_(DO)","http://dbpedia.org/ontology/wikiPageID","11171745"
"http://dbpedia.org/resource/Ribeiro_(DO)","http://dbpedia.org/property/officialName","C.R.D.O. Ribeiro"
"http://dbpedia.org/resource/Granada_(wine)","http://dbpedia.org/ontology/wikiPageID","42973035"
"http://dbpedia.org/resource/La_Mancha_(DO)","http://dbpedia.org/property/name","La Mancha DOP"
"http://dbpedia.org/resource/Conca_de_Barberà_(DO)","http://purl.org/dc/terms/subject","http://dbpedia.org/resource/Category:Wine_regions_of_Spain"
"http://dbpedia.org/resource/Méntrida_DO","http://www.w3.org/2003/01/geo/wgs84_pos#long","-4.2"
"http://dbpedia.org/resource/Pla_i_Llevant_(DO)","http://dbpedia.org/property/wineries","13"
"http://dbpedia.org/resource/Campo_de_Borja_(DO)","http://www.w3.org/2003/01/geo/wgs84_pos#lat","41.8167"
"http://dbpedia.org/resource/El_Hierro_(DO)","http://dbpedia.org/property/year","1995"
"http://dbpedia.org/resource/Mondéjar_(DO)","https://w3id.org/winecatalogue#id","Mondéjar"
"http://dbpedia.org/resource/Ribeira_Sacra_(DO)","http://www.w3.org/2003/01/geo/wgs84_pos#long","-7.51611"
"http://dbpedia.org/resource/Ycoden-Daute-Isora","http://dbpedia.org/property/officialName","D.O.P. Ycoden-Daute-Isora"
"http://dbpedia.org/resource/Toro_(DO)","https://w3id.org/winecatalogue#id","Toro"
"http://dbpedia.org/resource/Pla_de_Bages","http://dbpedia.org/property/wineries","16"
"http://dbpedia.org/resource/Ribeira_Sacra_(DO)","http://www.w3.org/2003/01/geo/wgs84_pos#lat","42.5164"
"http://dbpedia.org/resource/Cigales_(wine)","http://dbpedia.org/ontology/wikiPageID","11342070"
"http://dbpedia.org/resource/Jumilla_(DO)","http://dbpedia.org/property/year","1966"
"http://dbpedia.org/resource/Pla_de_Bages","http://dbpedia.org/property/name","Pla de Bages DOP"
"http://dbpedia.org/resource/Getariako_Txakolina","http://dbpedia.org/property/officialName","D.O.P. Getariako Txakolina-Txakoli de Getaria. Chacolí de Getaria"
"http://dbpedia.org/resource/Mondéjar_(DO)","http://www.w3.org/2003/01/geo/wgs84_pos#lat","40.3239"
"http://dbpedia.org/resource/Somontano","http://www.w3.org/2003/01/geo/wgs84_pos#long","0.126389"
"http://dbpedia.org/resource/Tacoronte-Acentejo","http://www.w3.org/2003/01/geo/wgs84_pos#lat","28.4797"
"http://dbpedia.org/resource/Cariñena_(DO)","http://dbpedia.org/property/wineries","32"
"http://dbpedia.org/resource/Navarra_(DO)","http://purl.org/dc/terms/subject","http://dbpedia.org/resource/Category:Wine_regions_of_Spain"
"http://dbpedia.org/resource/Somontano","http://dbpedia.org/property/name","Somontano DOP"
"http://dbpedia.org/resource/Campo_de_Borja_(DO)","http://dbpedia.org/ontology/wikiPageID","11271347"
"http://dbpedia.org/resource/Alicante_(DO)","http://dbpedia.org/ontology/wikiPageID","11882604"
"http://dbpedia.org/resource/Ribera_del_Guadiana","http://dbpedia.org/property/officialName","D.O. Ribera del Guadiana"
"http://dbpedia.org/resource/Alella_(DO)","https://w3id.org/winecatalogue#id","Alella"
"http://dbpedia.org/resource/Arlanza_(DO)","http://www.w3.org/2003/01/geo/wgs84_pos#lat","42.0264"
"http://dbpedia.org/resource/Terra_Alta_(DO)","http://dbpedia.org/property/wineProduced","55586"
"http://dbpedia.org/resource/Montilla-Moriles","http://dbpedia.org/property/wineries","41"
"http://dbpedia.org/resource/Toro_(DO)","http://purl.org/dc/terms/subject","http://dbpedia.org/resource/Category:Wine_regions_of_Spain"
"http://dbpedia.org/resource/Manzanilla_(wine)","http://dbpedia.org/property/wineProduced","384350"
"http://dbpedia.org/resource/Calatayud_(DO)","http://www.w3.org/2003/01/geo/wgs84_pos#long","-0.883333"
"http://dbpedia.org/resource/Costers_del_Segre","http://purl.org/dc/terms/subject","http://dbpedia.org/resource/Category:Wine_regions_of_Spain"
"http://dbpedia.org/resource/Manzanilla_(wine)","http://dbpedia.org/property/year","1964"
"http://dbpedia.org/resource/Manchuela_DO","http://purl.org/dc/terms/subject","http://dbpedia.org/resource/Category:Wine_regions_of_Spain"
"http://dbpedia.org/resource/Granada_(wine)","http://dbpedia.org/property/wineries","17"
"http://dbpedia.org/resource/Cigales_(wine)","http://dbpedia.org/property/wineProduced","38358"
"http://dbpedia.org/resource/Ribeiro_(DO)","http://dbpedia.org/property/wineries","40"
"http://dbpedia.org/resource/Málaga_and_Sierras_de_Málaga","http://dbpedia.org/property/name","Sierras de Málaga DOP"
"http://dbpedia.org/resource/Toro_(DO)","http://dbpedia.org/property/officialName","D.O. Toro"
"http://dbpedia.org/resource/Ribeira_Sacra_(DO)","http://dbpedia.org/property/year","1996"
"http://dbpedia.org/resource/Alella_(DO)","http://dbpedia.org/property/name","Alella DO"
"http://dbpedia.org/resource/Arribes_(wine)","http://dbpedia.org/property/wineries","17"
"http://dbpedia.org/resource/Costers_del_Segre","http://www.w3.org/2003/01/geo/wgs84_pos#long","0.573056"
"http://dbpedia.org/resource/Valle_de_Güímar","http://dbpedia.org/property/wineries","12"
"http://dbpedia.org/resource/Ycoden-Daute-Isora","http://dbpedia.org/ontology/wikiPageID","22436937"
"http://dbpedia.org/resource/Calatayud_(DO)","http://purl.org/dc/terms/subject","http://dbpedia.org/resource/Category:Wine_regions_of_Spain"
"http://dbpedia.org/resource/Alicante_(DO)","http://dbpedia.org/property/name","Alicante DOP"
"http://dbpedia.org/resource/Valle_de_la_Orotava","http://www.w3.org/2003/01/geo/wgs84_pos#long","-16.5253"
"http://dbpedia.org/resource/Valencia_(DO)","http://dbpedia.org/property/officialName","D.O.P. Valencia"
"http://dbpedia.org/resource/Jumilla_(DO)","https://w3id.org/winecatalogue#id","Jumilla"
"http://dbpedia.org/resource/Valencia_(DO)","http://dbpedia.org/property/wineries","106"
"http://dbpedia.org/resource/Granada_(wine)","http://dbpedia.org/property/officialName","D.O.P. Granada"
"http://dbpedia.org/resource/Empordà_(DO)","http://dbpedia.org/ontology/wikiPageID","11648282"
"http://dbpedia.org/resource/Terra_Alta_(DO)","http://purl.org/dc/terms/subject","http://dbpedia.org/resource/Category:Wine_regions_of_Spain"
"http://dbpedia.org/resource/Valle_de_Güímar","http://purl.org/dc/terms/subject","http://dbpedia.org/resource/Category:Wine_regions_of_Spain"
"http://dbpedia.org/resource/Pla_de_Bages","http://www.w3.org/2003/01/geo/wgs84_pos#long","1.83972"
"http://dbpedia.org/resource/Ribera_del_Guadiana","http://dbpedia.org/property/name","Ribera del Guadiana DO"
"http://dbpedia.org/resource/Abona_(DO)","http://dbpedia.org/property/name","Abona DOP"
"http://dbpedia.org/resource/Málaga_and_Sierras_de_Málaga","http://www.w3.org/2003/01/geo/wgs84_pos#lat","36.7194"
"http://dbpedia.org/resource/Almansa_(DO)","http://dbpedia.org/property/wineries","12"
"http://dbpedia.org/resource/Bizkaiko_Txakolina","http://dbpedia.org/ontology/wikiPageID","22418961"
"http://dbpedia.org/resource/Alella_(DO)","http://purl.org/dc/terms/subject","http://dbpedia.org/resource/Category:Wine_regions_of_Spain"
"http://dbpedia.org/resource/Uclés_(DO)","http://dbpedia.org/property/wineries","5"
"http://dbpedia.org/resource/Conca_de_Barberà_(DO)","http://dbpedia.org/property/wineProduced","6172"
"http://dbpedia.org/resource/Uclés_(DO)","http://purl.org/dc/terms/subject","http://dbpedia.org/resource/Category:Wine_regions_of_Spain"
"http://dbpedia.org/resource/Alella_(DO)","http://www.w3.org/2003/01/geo/wgs84_pos#long","2.29583"
"http://dbpedia.org/resource/Penedès_(DO)","http://dbpedia.org/property/officialName","D.O.P. Penedès"
"http://dbpedia.org/resource/Manchuela_DO","http://www.w3.org/2003/01/geo/wgs84_pos#lat","39.3667"
"http://dbpedia.org/resource/Costers_del_Segre","http://dbpedia.org/property/wineProduced","29803"
"http://dbpedia.org/resource/Valdepeñas_(DO)","http://purl.org/dc/terms/subject","http://dbpedia.org/resource/Category:Wine_regions_of_Spain"
"http://dbpedia.org/resource/Ycoden-Daute-Isora","http://www.w3.org/2003/01/geo/wgs84_pos#long","-16.6556"
"http://dbpedia.org/resource/Montilla-Moriles","http://dbpedia.org/property/name","Montilla - Moriles DOP"
"http://dbpedia.org/resource/Tarragona_(DO)","http://purl.org/dc/terms/subject","http://dbpedia.org/resource/Category:Wine_regions_of_Spain"
"http://dbpedia.org/resource/Navarra_(DO)","http://www.w3.org/2003/01/geo/wgs84_pos#long","1.65056"
"http://dbpedia.org/resource/Jumilla_(DO)","http://dbpedia.org/ontology/wikiPageID","11664391"
"http://dbpedia.org/resource/Ycoden-Daute-Isora","http://dbpedia.org/property/wineries","11"
"http://dbpedia.org/resource/El_Hierro_(DO)","http://dbpedia.org/property/name","El Hierro DOP"
"http://dbpedia.org/resource/Ycoden-Daute-Isora","http://dbpedia.org/property/wineProduced","1170"
"http://dbpedia.org/resource/La_Mancha_(DO)","http://dbpedia.org/property/wineProduced","642076"
"http://dbpedia.org/resource/Bullas_(DO)","http://purl.org/dc/terms/subject","http://dbpedia.org/resource/Category:Wine_regions_of_Spain"
"http://dbpedia.org/resource/Montilla-Moriles","http://www.w3.org/2003/01/geo/wgs84_pos#lat","37.5854"
"http://dbpedia.org/resource/Pla_i_Llevant_(DO)","https://w3id.org/winecatalogue#id","Pla i Llevant"
"http://dbpedia.org/resource/Almansa_(DO)","http://www.w3.org/2003/01/geo/wgs84_pos#lat","38.85"
"http://dbpedia.org/resource/Txakoli_de_Álava","http://dbpedia.org/property/officialName","D.O.P. Arabako Txakolina-Txakolí de Álava-Chacolí de Álava"
"http://dbpedia.org/resource/Conca_de_Barberà_(DO)","https://w3id.org/winecatalogue#id","Conca de Barberà"
"http://dbpedia.org/resource/Valencia_(DO)","http://dbpedia.org/property/year","1932"
"http://dbpedia.org/resource/Montilla-Moriles","http://dbpedia.org/property/year","1932"
"http://dbpedia.org/resource/Calatayud_(DO)","http://dbpedia.org/property/wineries","15"
"http://dbpedia.org/resource/Ycoden-Daute-Isora","https://w3id.org/winecatalogue#id","Ycoden-Daute-Isora"
"http://dbpedia.org/resource/Priorat_(DOQ)","https://w3id.org/winecatalogue#id","Priorat"
"http://dbpedia.org/resource/La_Palma_(DO)","http://purl.org/dc/terms/subject","http://dbpedia.org/resource/Category:Wine_regions_of_Spain"
"http://dbpedia.org/resource/Ribera_del_Júcar","http://dbpedia.org/property/name","Ribera del Júcar DOP"
"http://dbpedia.org/resource/Lanzarote_(DO)","http://dbpedia.org/property/name","Lanzarote DOP"
"http://dbpedia.org/resource/Montilla-Moriles","http://dbpedia.org/property/officialName","D.O.P Montilla - Moriles"
"http://dbpedia.org/resource/Tacoronte-Acentejo","http://www.w3.org/2003/01/geo/wgs84_pos#long","-16.4133"
"http://dbpedia.org/resource/Valencia_(DO)","http://dbpedia.org/ontology/wikiPageID","11975579"
"http://dbpedia.org/resource/Pla_i_Llevant_(DO)","http://dbpedia.org/property/wineProduced","15189"
"http://dbpedia.org/resource/Tarragona_(DO)","http://dbpedia.org/property/wineProduced","13200"
"http://dbpedia.org/resource/Ribera_del_Guadiana","http://www.w3.org/2003/01/geo/wgs84_pos#lat","38.6833"
"http://dbpedia.org/resource/Valle_de_Güímar","http://www.w3.org/2003/01/geo/wgs84_pos#long","-16.4131"
"http://dbpedia.org/resource/Málaga_and_Sierras_de_Málaga","https://w3id.org/winecatalogue#id","Málaga"
"http://dbpedia.org/resource/Terra_Alta_(DO)","http://dbpedia.org/property/wineries","62"
"http://dbpedia.org/resource/Pla_i_Llevant_(DO)","http://dbpedia.org/property/officialName","D.O.P. Pla i Llevant"
"http://dbpedia.org/resource/Montsant_DO","http://dbpedia.org/property/wineProduced","45549"
"http://dbpedia.org/resource/Campo_de_Borja_(DO)","http://dbpedia.org/property/year","1977"
"http://dbpedia.org/resource/Manchuela_DO","http://www.w3.org/2003/01/geo/wgs84_pos#long","-1.7"
"http://dbpedia.org/resource/Bizkaiko_Txakolina","https://w3id.org/winecatalogue#id","Bizkaiko Txakolina-Txakoli de Bizkaia-Chacolí de Bizkaia"
"http://dbpedia.org/resource/La_Palma_(DO)","http://dbpedia.org/property/wineProduced","2981"
"http://dbpedia.org/resource/La_Mancha_(DO)","http://dbpedia.org/property/year","1932"
"http://dbpedia.org/resource/Rueda_(DO)","https://w3id.org/winecatalogue#id","Rueda"
"http://dbpedia.org/resource/Cigales_(wine)","http://www.w3.org/2003/01/geo/wgs84_pos#lat","41.7667"
"http://dbpedia.org/resource/Rías_Baixas_(DO)","http://dbpedia.org/property/officialName","Rías Baixas"
"http://dbpedia.org/resource/Empordà_(DO)","http://purl.org/dc/terms/subject","http://dbpedia.org/resource/Category:Wine_regions_of_Spain"
"http://dbpedia.org/resource/Abona_(DO)","https://w3id.org/winecatalogue#id","Abona"
"http://dbpedia.org/resource/Condado_de_Huelva","http://dbpedia.org/property/name","Condado de Huelva DOP"
"http://dbpedia.org/resource/Granada_(wine)","http://dbpedia.org/property/wineProduced","4289"
"http://dbpedia.org/resource/Arribes_(wine)","http://dbpedia.org/property/officialName","D.O. Arribes"
"http://dbpedia.org/resource/Condado_de_Huelva","http://dbpedia.org/property/year","1963"
"http://dbpedia.org/resource/Méntrida_DO","http://www.w3.org/2003/01/geo/wgs84_pos#lat","40.05"
"http://dbpedia.org/resource/Alicante_(DO)","http://dbpedia.org/property/wineries","39"
"http://dbpedia.org/resource/Campo_de_Borja_(DO)","https://w3id.org/winecatalogue#id","Campo de Borja"
"http://dbpedia.org/resource/Bullas_(DO)","http://dbpedia.org/property/year","2007"
"http://dbpedia.org/resource/Condado_de_Huelva","http://www.w3.org/2003/01/geo/wgs84_pos#long","1.65056"
"http://dbpedia.org/resource/La_Mancha_(DO)","http://purl.org/dc/terms/subject","http://dbpedia.org/resource/Category:Wine_regions_of_Spain"
"http://dbpedia.org/resource/Granada_(wine)","http://www.w3.org/2003/01/geo/wgs84_pos#lat","37.1833"
"http://dbpedia.org/resource/Abona_(DO)","http://dbpedia.org/property/wineProduced","5608"
"http://dbpedia.org/resource/Valle_de_Güímar","http://dbpedia.org/ontology/wikiPageID","22420064"
"http://dbpedia.org/resource/Almansa_(DO)","http://dbpedia.org/property/wineProduced","39841"
"http://dbpedia.org/resource/Conca_de_Barberà_(DO)","http://www.w3.org/2003/01/geo/wgs84_pos#long","1.16389"
"http://dbpedia.org/resource/Txakoli_de_Álava","http://dbpedia.org/property/wineProduced","4592"
"http://dbpedia.org/resource/Almansa_(DO)","https://w3id.org/winecatalogue#id","Almansa"
"http://dbpedia.org/resource/Mondéjar_(DO)","http://dbpedia.org/property/year","1996"
"http://dbpedia.org/resource/Penedès_(DO)","http://www.w3.org/2003/01/geo/wgs84_pos#lat","41.2933"
"http://dbpedia.org/resource/Ribera_del_Júcar","https://w3id.org/winecatalogue#id","Ribera del Júcar"
"http://dbpedia.org/resource/Almansa_(DO)","http://dbpedia.org/property/name","Almansa DOP"
"http://dbpedia.org/resource/Bierzo_(DO)","http://dbpedia.org/property/officialName","C.R.D.O. Bierzo"
"http://dbpedia.org/resource/Vinos_de_Madrid","http://dbpedia.org/property/year","2003"
"http://dbpedia.org/resource/Manzanilla_(wine)","http://dbpedia.org/property/wineries","12"
"http://dbpedia.org/resource/Toro_(DO)","http://www.w3.org/2003/01/geo/wgs84_pos#lat","41.5256"
"http://dbpedia.org/resource/Condado_de_Huelva","http://dbpedia.org/property/wineries","21"
"http://dbpedia.org/resource/Montilla-Moriles","http://purl.org/dc/terms/subject","http://dbpedia.org/resource/Category:Wine_regions_of_Spain"
"http://dbpedia.org/resource/Méntrida_DO","http://dbpedia.org/property/year","1976"
"http://dbpedia.org/resource/Txakoli_de_Álava","http://dbpedia.org/ontology/wikiPageID","19386696"
"http://dbpedia.org/resource/Txakoli_de_Álava","http://purl.org/dc/terms/subject","http://dbpedia.org/resource/Category:Wine_regions_of_Spain"
"http://dbpedia.org/resource/Catalunya_(DO)","http://www.w3.org/2003/01/geo/wgs84_pos#lat","41.8167"
"http://dbpedia.org/resource/Tarragona_(DO)","http://dbpedia.org/property/year","1945"
"http://dbpedia.org/resource/Méntrida_DO","http://dbpedia.org/ontology/wikiPageID","11606932"
"http://dbpedia.org/resource/Mondéjar_(DO)","http://purl.org/dc/terms/subject","http://dbpedia.org/resource/Category:Wine_regions_of_Spain"
"http://dbpedia.org/resource/Rías_Baixas_(DO)","http://dbpedia.org/property/wineries","180"
"http://dbpedia.org/resource/Navarra_(DO)","http://dbpedia.org/property/wineProduced","511437"
"http://dbpedia.org/resource/Méntrida_DO","http://dbpedia.org/property/name","Méntrida DOP"
"http://dbpedia.org/resource/Manchuela_DO","https://w3id.org/winecatalogue#id","Manchuela"
"http://dbpedia.org/resource/Utiel-Requena","http://dbpedia.org/property/wineries","59"
"http://dbpedia.org/resource/Somontano","http://dbpedia.org/property/officialName","D.O.P Somontano"
"http://dbpedia.org/resource/Toro_(DO)","http://dbpedia.org/property/year","1987"
"http://dbpedia.org/resource/Navarra_(DO)","http://dbpedia.org/property/officialName","D.O.P. Navarra"
"http://dbpedia.org/resource/Terra_Alta_(DO)","http://dbpedia.org/property/officialName","D.O.P. Terra Alta"
"http://dbpedia.org/resource/Rueda_(DO)","http://dbpedia.org/property/wineProduced","678889"
"http://dbpedia.org/resource/Empordà_(DO)","http://dbpedia.org/property/year","1972"
"http://dbpedia.org/resource/El_Hierro_(DO)","http://dbpedia.org/property/wineries","9"
"http://dbpedia.org/resource/Lanzarote_(DO)","http://dbpedia.org/property/officialName","D.O.P. Lanzarote"
"http://dbpedia.org/resource/Valle_de_la_Orotava","http://dbpedia.org/property/wineProduced","2140"
"http://dbpedia.org/resource/Vinos_de_Madrid","http://www.w3.org/2003/01/geo/wgs84_pos#lat","40.2847"
"http://dbpedia.org/resource/Terra_Alta_(DO)","http://dbpedia.org/property/year","1972"
"http://dbpedia.org/resource/Málaga_and_Sierras_de_Málaga","https://w3id.org/winecatalogue#id","Sierras de Málaga"
"http://dbpedia.org/resource/Calatayud_(DO)","http://dbpedia.org/property/officialName","D.O.P Calatayud"
"http://dbpedia.org/resource/Montsant_DO","http://dbpedia.org/ontology/wikiPageID","28995914"
"http://dbpedia.org/resource/Bierzo_(DO)","http://dbpedia.org/property/name","Bierzo DOP"
"http://dbpedia.org/resource/Conca_de_Barberà_(DO)","http://www.w3.org/2003/01/geo/wgs84_pos#lat","41.3772"
"http://dbpedia.org/resource/Conca_de_Barberà_(DO)","http://dbpedia.org/ontology/wikiPageID","11730911"
"http://dbpedia.org/resource/Almansa_(DO)","http://dbpedia.org/property/year","1966"
"http://dbpedia.org/resource/Bullas_(DO)","http://www.w3.org/2003/01/geo/wgs84_pos#lat","38.05"
"http://dbpedia.org/resource/Bierzo_(DO)","http://dbpedia.org/property/wineries","70"
"http://dbpedia.org/resource/Arribes_(wine)","http://dbpedia.org/property/year","2005"
"http://dbpedia.org/resource/La_Gomera_(DO)","http://dbpedia.org/property/wineProduced","469"
"http://dbpedia.org/resource/Valle_de_la_Orotava","http://dbpedia.org/property/year","1995"
"http://dbpedia.org/resource/El_Hierro_(DO)","http://dbpedia.org/property/wineProduced","1735"
"http://dbpedia.org/resource/Ribeiro_(DO)","http://dbpedia.org/property/year","1932"
"http://dbpedia.org/resource/Valle_de_Güímar","http://www.w3.org/2003/01/geo/wgs84_pos#lat","28.3106"
"http://dbpedia.org/resource/Tierra_del_Vino_de_Zamora_DO","https://w3id.org/winecatalogue#id","Tierra del Vino de Zamora"
"http://dbpedia.org/resource/Priorat_(DOQ)","http://dbpedia.org/ontology/wikiPageID","11830704"
"http://dbpedia.org/resource/Mondéjar_(DO)","http://dbpedia.org/property/wineries","2"
"http://dbpedia.org/resource/Rueda_(DO)","http://dbpedia.org/property/name","Rueda DOP"
"http://dbpedia.org/resource/Costers_del_Segre","http://dbpedia.org/property/year","1988"
"http://dbpedia.org/resource/Ribeira_Sacra_(DO)","http://dbpedia.org/property/name","Ribeira Sacra DOP"
"http://dbpedia.org/resource/Méntrida_DO","https://w3id.org/winecatalogue#id","Méntrida"
"http://dbpedia.org/resource/Uclés_(DO)","http://dbpedia.org/property/officialName","D.O. Uclés"
"http://dbpedia.org/resource/Calatayud_(DO)","http://dbpedia.org/property/wineProduced","100452"
"http://dbpedia.org/resource/Priorat_(DOQ)","http://dbpedia.org/property/name","Priorat DOQ"